created_at,user_id,user_email,article_id,key,value
2022-03-31T06:47:18.003Z,135811,bisow19@hotmail.com,801446009,included,-1
2022-03-31T06:47:29.722Z,135811,bisow19@hotmail.com,801446012,included,-1
2022-03-31T06:47:43.316Z,135811,bisow19@hotmail.com,801446013,included,-1
2022-03-31T06:47:55.878Z,135811,bisow19@hotmail.com,801446016,included,-1
2022-03-31T06:48:07.175Z,135811,bisow19@hotmail.com,801446017,included,-1
2022-03-31T06:48:33.426Z,135811,bisow19@hotmail.com,801446020,included,-1
2022-03-31T06:48:44.504Z,135811,bisow19@hotmail.com,801446022,included,-1
2022-03-31T06:48:58.519Z,135811,bisow19@hotmail.com,801446023,included,0
2022-03-31T06:49:10.426Z,135811,bisow19@hotmail.com,801446024,included,-1
2022-03-31T06:49:19.848Z,135811,bisow19@hotmail.com,801446026,included,-1
2022-03-31T06:49:32.191Z,135811,bisow19@hotmail.com,801446027,included,-1
2022-03-31T06:50:15.770Z,135811,bisow19@hotmail.com,801446029,included,-1
2022-03-31T06:50:25.379Z,135811,bisow19@hotmail.com,801446030,included,-1
2022-03-31T06:50:39.207Z,135811,bisow19@hotmail.com,801446031,included,-1
2022-03-31T06:50:51.926Z,135811,bisow19@hotmail.com,801446033,included,0
2022-03-31T06:51:00.270Z,135811,bisow19@hotmail.com,801446033,included,0
2022-03-31T06:51:14.083Z,135811,bisow19@hotmail.com,801446034,included,1
2022-03-31T06:51:54.583Z,135811,bisow19@hotmail.com,801446035,included,0
2022-03-31T06:52:34.380Z,135811,bisow19@hotmail.com,801446037,included,0
2022-03-31T06:52:53.427Z,135811,bisow19@hotmail.com,801446038,included,-1
2022-03-31T06:53:25.458Z,135811,bisow19@hotmail.com,801446168,included,-1
2022-03-31T06:53:54.724Z,135811,bisow19@hotmail.com,801446040,included,0
2022-03-31T06:54:06.771Z,135811,bisow19@hotmail.com,801446041,included,-1
2022-03-31T06:54:17.021Z,135811,bisow19@hotmail.com,801446042,included,-1
2022-03-31T06:54:29.927Z,135811,bisow19@hotmail.com,801446044,included,1
2022-03-31T06:54:44.990Z,135811,bisow19@hotmail.com,801446045,included,-1
2022-03-31T06:55:15.146Z,135811,bisow19@hotmail.com,801446046,included,0
2022-03-31T06:55:26.397Z,135811,bisow19@hotmail.com,801446047,included,0
2022-03-31T06:55:38.537Z,135811,bisow19@hotmail.com,801446048,included,1
2022-03-31T06:55:58.006Z,135811,bisow19@hotmail.com,801446049,included,-1
2022-03-31T06:56:09.959Z,135811,bisow19@hotmail.com,801446051,included,-1
2022-03-31T06:56:21.834Z,135811,bisow19@hotmail.com,801446052,included,-1
2022-03-31T06:56:34.084Z,135811,bisow19@hotmail.com,801446053,included,1
2022-03-31T06:56:43.725Z,135811,bisow19@hotmail.com,801446054,included,-1
2022-03-31T06:56:52.115Z,135811,bisow19@hotmail.com,801446055,included,-1
2022-03-31T06:57:17.225Z,135811,bisow19@hotmail.com,801446057,included,0
2022-03-31T06:57:30.897Z,135811,bisow19@hotmail.com,801446058,included,-1
2022-03-31T06:58:00.397Z,135811,bisow19@hotmail.com,801446059,included,-1
2022-03-31T06:58:13.647Z,135811,bisow19@hotmail.com,801446062,included,-1
2022-03-31T06:58:15.115Z,135811,bisow19@hotmail.com,801446062,included,-1
2022-03-31T06:58:27.444Z,135811,bisow19@hotmail.com,801446170,included,-1
2022-03-31T06:58:49.850Z,135811,bisow19@hotmail.com,801446176,included,-1
2022-03-31T06:59:10.334Z,135811,bisow19@hotmail.com,801446184,included,0
2022-03-31T06:59:25.928Z,135811,bisow19@hotmail.com,801446185,included,0
2022-03-31T06:59:38.162Z,135811,bisow19@hotmail.com,801446186,included,-1
2022-03-31T07:00:01.725Z,135811,bisow19@hotmail.com,801446189,included,-1
2022-03-31T07:00:17.443Z,135811,bisow19@hotmail.com,801446194,included,-1
2022-03-31T07:00:27.178Z,135811,bisow19@hotmail.com,801446201,included,-1
2022-03-31T07:00:37.475Z,135811,bisow19@hotmail.com,801446206,included,-1
2022-03-31T07:01:27.038Z,135811,bisow19@hotmail.com,801446212,included,-1
2022-03-31T07:01:57.319Z,135811,bisow19@hotmail.com,801446225,included,-1
2022-03-31T07:02:14.194Z,135811,bisow19@hotmail.com,801446237,included,-1
2022-03-31T07:02:35.257Z,135811,bisow19@hotmail.com,801446241,included,-1
2022-03-31T07:03:01.647Z,135811,bisow19@hotmail.com,801446001,included,-1
2022-03-31T07:03:10.366Z,135811,bisow19@hotmail.com,801446003,included,0
2022-03-31T07:03:22.569Z,135811,bisow19@hotmail.com,801446004,included,-1
2022-03-31T07:03:25.960Z,135811,bisow19@hotmail.com,801446005,included,-1
2022-03-31T07:03:50.257Z,135811,bisow19@hotmail.com,801446006,included,-1
2022-03-31T07:03:58.335Z,135811,bisow19@hotmail.com,801446007,included,1
2022-03-31T07:04:10.320Z,135811,bisow19@hotmail.com,801446008,included,0
2022-03-31T07:04:24.945Z,135811,bisow19@hotmail.com,801446010,included,0
2022-03-31T07:04:52.648Z,135811,bisow19@hotmail.com,801446011,included,0
2022-03-31T07:05:02.523Z,135811,bisow19@hotmail.com,801446014,included,0
2022-03-31T07:05:15.383Z,135811,bisow19@hotmail.com,801446015,included,0
2022-03-31T07:05:31.586Z,135811,bisow19@hotmail.com,801446019,included,-1
2022-03-31T07:06:04.414Z,135811,bisow19@hotmail.com,801446065,included,0
2022-03-31T07:08:52.712Z,135811,bisow19@hotmail.com,801446065,included,-1
2022-03-31T07:09:03.743Z,135811,bisow19@hotmail.com,801446071,included,1
2022-03-31T07:09:28.040Z,135811,bisow19@hotmail.com,801446072,included,-1
2022-03-31T07:09:43.884Z,135811,bisow19@hotmail.com,801446075,included,-1
2022-03-31T07:09:58.431Z,135811,bisow19@hotmail.com,801446081,included,-1
2022-03-31T07:12:04.775Z,135811,bisow19@hotmail.com,801446032,included,1
2022-03-31T07:15:08.666Z,135811,bisow19@hotmail.com,801446033,included,1
2022-03-31T07:16:41.526Z,135811,bisow19@hotmail.com,801446047,"""__EXR__no information on ridge dimension changes""",1
2022-03-31T07:16:41.557Z,135811,bisow19@hotmail.com,801446047,included,-1
2022-03-31T07:16:42.573Z,135811,bisow19@hotmail.com,801446047,included,0
2022-03-31T07:16:51.713Z,135811,bisow19@hotmail.com,801446010,"""__EXR__ongoing study""",1
2022-03-31T07:16:51.745Z,135811,bisow19@hotmail.com,801446010,included,-1
2022-03-31T07:17:11.792Z,135811,bisow19@hotmail.com,801446003,"""__EXR__not chair-side""",1
2022-03-31T07:17:11.823Z,135811,bisow19@hotmail.com,801446003,included,-1
2022-03-31T07:17:16.776Z,135811,bisow19@hotmail.com,801446003,"""__EXR__not blocks""",1
2022-03-31T07:17:16.807Z,135811,bisow19@hotmail.com,801446003,included,-1
2022-03-31T07:19:13.745Z,135811,bisow19@hotmail.com,801446185,"""__EXR__not chair-side""",1
2022-03-31T07:19:13.839Z,135811,bisow19@hotmail.com,801446185,included,-1
2022-03-31T07:19:16.605Z,135811,bisow19@hotmail.com,801446185,included,0
2022-03-31T07:19:18.339Z,135811,bisow19@hotmail.com,801446003,included,0
2022-03-31T07:19:19.839Z,135811,bisow19@hotmail.com,801446010,included,0
2022-03-31T07:20:41.058Z,135811,bisow19@hotmail.com,801446057,"""__EXR__no information on ridge dimension changes""",1
2022-03-31T07:20:41.090Z,135811,bisow19@hotmail.com,801446057,included,-1
2022-03-31T07:21:15.168Z,135811,bisow19@hotmail.com,801446035,included,-1
2022-03-31T07:21:23.262Z,135811,bisow19@hotmail.com,801446015,"""__EXR__ongoing study""",1
2022-03-31T07:21:23.293Z,135811,bisow19@hotmail.com,801446015,included,-1
2022-03-31T07:21:24.762Z,135811,bisow19@hotmail.com,801446015,included,0
2022-03-31T07:22:44.231Z,135811,bisow19@hotmail.com,801446184,"""__EXR__not chair-side""",1
2022-03-31T07:22:44.293Z,135811,bisow19@hotmail.com,801446184,included,-1
2022-03-31T07:22:54.762Z,135811,bisow19@hotmail.com,801446184,"""__EXR__one block case""",1
2022-03-31T07:22:54.825Z,135811,bisow19@hotmail.com,801446184,included,-1
2022-03-31T07:22:57.168Z,135811,bisow19@hotmail.com,801446184,included,0
2022-03-31T07:26:00.310Z,135811,bisow19@hotmail.com,801446037,"""__EXR__not chair-side""",1
2022-03-31T07:26:00.404Z,135811,bisow19@hotmail.com,801446037,included,-1
2022-03-31T07:26:03.060Z,135811,bisow19@hotmail.com,801446037,included,0
2022-03-31T07:26:04.607Z,135811,bisow19@hotmail.com,801446037,"""__EXR__not blocks""",1
2022-03-31T07:26:04.638Z,135811,bisow19@hotmail.com,801446037,included,-1
2022-03-31T07:26:06.154Z,135811,bisow19@hotmail.com,801446037,included,0
2022-03-31T07:26:53.482Z,135811,bisow19@hotmail.com,801446046,"""__EXR__no information on ridge dimension changes""",1
2022-03-31T07:26:53.529Z,135811,bisow19@hotmail.com,801446046,included,-1
2022-03-31T07:26:57.529Z,135811,bisow19@hotmail.com,801446046,"""__EXR__not blocks""",1
2022-03-31T07:26:57.623Z,135811,bisow19@hotmail.com,801446046,included,-1
2022-03-31T07:28:10.576Z,135811,bisow19@hotmail.com,801446023,"""__EXR__no information on ridge dimension changes""",1
2022-03-31T07:28:10.608Z,135811,bisow19@hotmail.com,801446023,included,-1
2022-03-31T07:28:53.311Z,135811,bisow19@hotmail.com,801446008,"""__EXR__no information on ridge dimension changes""",1
2022-03-31T07:28:53.342Z,135811,bisow19@hotmail.com,801446008,included,-1
2022-03-31T07:28:58.655Z,135811,bisow19@hotmail.com,801446040,"""__EXR__no information on ridge dimension changes""",1
2022-03-31T07:28:58.717Z,135811,bisow19@hotmail.com,801446040,included,-1
2022-03-31T07:29:08.780Z,135811,bisow19@hotmail.com,801446011,"""__EXR__ongoing study""",1
2022-03-31T07:29:08.842Z,135811,bisow19@hotmail.com,801446011,included,-1
2022-03-31T07:29:26.186Z,135811,bisow19@hotmail.com,801446014,"""__EXR__ongoing study""",1
2022-03-31T07:29:26.218Z,135811,bisow19@hotmail.com,801446014,included,-1
2022-03-31T09:07:10.741Z,135811,bisow19@hotmail.com,801446021,included,-1
2022-03-31T09:07:21.569Z,135811,bisow19@hotmail.com,801446025,included,0
2022-03-31T09:07:40.241Z,135811,bisow19@hotmail.com,801446036,included,-1
2022-03-31T09:07:47.491Z,135811,bisow19@hotmail.com,801446060,included,0
2022-03-31T09:08:00.616Z,135811,bisow19@hotmail.com,801446061,included,-1
2022-03-31T09:08:12.897Z,135811,bisow19@hotmail.com,801446063,included,0
2022-03-31T09:08:16.913Z,135811,bisow19@hotmail.com,801446077,included,-1
2022-03-31T09:08:25.726Z,135811,bisow19@hotmail.com,801446084,included,-1
2022-03-31T09:09:24.945Z,135811,bisow19@hotmail.com,801446086,included,-1
2022-03-31T09:09:34.132Z,135811,bisow19@hotmail.com,801446088,included,-1
2022-03-31T09:09:48.117Z,135811,bisow19@hotmail.com,801446092,included,-1
2022-03-31T09:09:50.398Z,135811,bisow19@hotmail.com,801446093,included,-1
2022-03-31T09:09:56.164Z,135811,bisow19@hotmail.com,801446094,included,-1
2022-03-31T09:10:00.992Z,135811,bisow19@hotmail.com,801446095,included,-1
2022-03-31T09:10:21.398Z,135811,bisow19@hotmail.com,801446096,included,-1
2022-03-31T09:10:31.398Z,135811,bisow19@hotmail.com,801446146,included,-1
2022-03-31T09:10:37.992Z,135811,bisow19@hotmail.com,801446130,included,-1
2022-03-31T09:10:40.008Z,135811,bisow19@hotmail.com,801446160,included,-1
2022-03-31T09:10:42.304Z,135811,bisow19@hotmail.com,801446180,included,-1
2022-03-31T09:10:47.961Z,135811,bisow19@hotmail.com,801446231,included,-1
2022-03-31T09:10:51.133Z,135811,bisow19@hotmail.com,801446256,included,-1
2022-03-31T09:10:57.476Z,135811,bisow19@hotmail.com,801446143,included,-1
2022-03-31T09:11:09.367Z,135811,bisow19@hotmail.com,801446177,included,-1
2022-03-31T09:11:26.898Z,135811,bisow19@hotmail.com,801446188,included,-1
2022-03-31T09:11:30.242Z,135811,bisow19@hotmail.com,801446213,included,-1
2022-03-31T09:11:42.414Z,135811,bisow19@hotmail.com,801446219,included,-1
2022-03-31T09:11:45.914Z,135811,bisow19@hotmail.com,801446248,included,-1
2022-03-31T09:12:28.321Z,135811,bisow19@hotmail.com,801446221,included,-1
2022-03-31T09:12:32.352Z,135811,bisow19@hotmail.com,801446135,included,-1
2022-03-31T09:12:39.414Z,135811,bisow19@hotmail.com,801446139,included,-1
2022-03-31T09:12:45.149Z,135811,bisow19@hotmail.com,801446223,included,-1
2022-03-31T09:12:58.524Z,135811,bisow19@hotmail.com,801446105,included,-1
2022-03-31T09:13:00.555Z,135811,bisow19@hotmail.com,801446109,included,-1
2022-03-31T09:13:03.321Z,135811,bisow19@hotmail.com,801446117,included,-1
2022-03-31T09:13:07.086Z,135811,bisow19@hotmail.com,801446147,included,-1
2022-03-31T09:13:13.227Z,135811,bisow19@hotmail.com,801446165,included,-1
2022-03-31T09:13:16.617Z,135811,bisow19@hotmail.com,801446192,included,-1
2022-03-31T09:13:21.508Z,135811,bisow19@hotmail.com,801446198,included,-1
2022-03-31T09:13:30.461Z,135811,bisow19@hotmail.com,801446216,included,-1
2022-03-31T09:14:04.617Z,135811,bisow19@hotmail.com,801446228,included,-1
2022-03-31T09:14:07.946Z,135811,bisow19@hotmail.com,801446232,included,-1
2022-03-31T09:14:09.696Z,135811,bisow19@hotmail.com,801446235,included,-1
2022-03-31T09:14:16.602Z,135811,bisow19@hotmail.com,801446236,included,-1
2022-03-31T09:14:22.383Z,135811,bisow19@hotmail.com,801446238,included,-1
2022-03-31T09:14:30.024Z,135811,bisow19@hotmail.com,801446239,included,-1
2022-03-31T09:14:49.399Z,135811,bisow19@hotmail.com,801446243,included,-1
2022-03-31T09:15:05.117Z,135811,bisow19@hotmail.com,801446254,included,-1
2022-03-31T09:15:28.758Z,135811,bisow19@hotmail.com,801446099,included,-1
2022-03-31T09:15:35.196Z,135811,bisow19@hotmail.com,801446100,included,-1
2022-03-31T09:15:37.743Z,135811,bisow19@hotmail.com,801446107,included,-1
2022-03-31T09:15:43.274Z,135811,bisow19@hotmail.com,801446114,included,-1
2022-03-31T09:15:50.055Z,135811,bisow19@hotmail.com,801446115,included,-1
2022-03-31T09:16:09.899Z,135811,bisow19@hotmail.com,801446116,included,-1
2022-03-31T09:16:11.618Z,135811,bisow19@hotmail.com,801446118,included,-1
2022-03-31T09:16:16.555Z,135811,bisow19@hotmail.com,801446123,included,-1
2022-03-31T09:16:37.055Z,135811,bisow19@hotmail.com,801446125,included,0
2022-03-31T09:17:07.883Z,135811,bisow19@hotmail.com,801446144,included,0
2022-03-31T09:17:13.321Z,135811,bisow19@hotmail.com,801446149,included,-1
2022-03-31T09:17:21.727Z,135811,bisow19@hotmail.com,801446152,included,-1
2022-03-31T09:17:23.571Z,135811,bisow19@hotmail.com,801446153,included,-1
2022-03-31T09:17:25.680Z,135811,bisow19@hotmail.com,801446155,included,-1
2022-03-31T09:17:45.852Z,135811,bisow19@hotmail.com,801446157,included,-1
2022-03-31T09:18:06.743Z,135811,bisow19@hotmail.com,801446159,included,-1
2022-03-31T09:18:30.915Z,135811,bisow19@hotmail.com,801446161,included,0
2022-03-31T09:18:42.978Z,135811,bisow19@hotmail.com,801446161,"""__EXR__not blocks""",1
2022-03-31T09:18:43.009Z,135811,bisow19@hotmail.com,801446161,included,-1
2022-03-31T09:18:44.040Z,135811,bisow19@hotmail.com,801446161,included,0
2022-03-31T09:18:53.634Z,135811,bisow19@hotmail.com,801446162,included,0
2022-03-31T09:18:55.040Z,135811,bisow19@hotmail.com,801446162,included,-1
2022-03-31T09:18:57.415Z,135811,bisow19@hotmail.com,801446167,included,-1
2022-03-31T09:19:04.103Z,135811,bisow19@hotmail.com,801446171,included,-1
2022-03-31T09:19:12.181Z,135811,bisow19@hotmail.com,801446172,included,-1
2022-03-31T09:19:45.634Z,135811,bisow19@hotmail.com,801446173,included,-1
2022-03-31T09:19:50.072Z,135811,bisow19@hotmail.com,801446174,included,-1
2022-03-31T09:20:12.853Z,135811,bisow19@hotmail.com,801446175,included,-1
2022-03-31T09:20:17.478Z,135811,bisow19@hotmail.com,801446178,included,-1
2022-03-31T09:20:20.134Z,135811,bisow19@hotmail.com,801446179,included,-1
2022-03-31T09:20:42.244Z,135811,bisow19@hotmail.com,801446181,included,-1
2022-03-31T09:20:49.369Z,135811,bisow19@hotmail.com,801446182,included,-1
2022-03-31T09:21:08.447Z,135811,bisow19@hotmail.com,801446183,included,-1
2022-03-31T09:21:25.119Z,135811,bisow19@hotmail.com,801446187,included,0
2022-03-31T09:21:45.166Z,135811,bisow19@hotmail.com,801446191,included,-1
2022-03-31T09:21:48.807Z,135811,bisow19@hotmail.com,801446193,included,-1
2022-03-31T09:22:10.573Z,135811,bisow19@hotmail.com,801446196,included,-1
2022-03-31T09:22:33.448Z,135811,bisow19@hotmail.com,801446197,included,-1
2022-03-31T09:22:37.526Z,135811,bisow19@hotmail.com,801446199,included,-1
2022-03-31T09:22:43.948Z,135811,bisow19@hotmail.com,801446200,included,-1
2022-03-31T09:23:21.370Z,135811,bisow19@hotmail.com,801446202,included,-1
2022-03-31T09:23:28.245Z,135811,bisow19@hotmail.com,801446203,included,-1
2022-03-31T09:24:01.948Z,135811,bisow19@hotmail.com,801446204,included,-1
2022-03-31T09:24:07.089Z,135811,bisow19@hotmail.com,801446205,included,-1
2022-03-31T09:24:09.417Z,135811,bisow19@hotmail.com,801446208,included,-1
2022-03-31T09:24:13.104Z,135811,bisow19@hotmail.com,801446209,included,-1
2022-03-31T09:24:38.823Z,135811,bisow19@hotmail.com,801446210,included,-1
2022-03-31T09:24:40.214Z,135811,bisow19@hotmail.com,801446211,included,-1
2022-03-31T09:24:42.652Z,135811,bisow19@hotmail.com,801446214,included,-1
2022-03-31T09:25:20.074Z,135811,bisow19@hotmail.com,801446215,included,0
2022-03-31T09:25:21.074Z,135811,bisow19@hotmail.com,801446215,included,-1
2022-03-31T09:25:33.496Z,135811,bisow19@hotmail.com,801446217,included,-1
2022-03-31T09:25:44.058Z,135811,bisow19@hotmail.com,801446218,included,-1
2022-03-31T09:25:46.464Z,135811,bisow19@hotmail.com,801446220,included,-1
2022-03-31T09:26:24.605Z,135811,bisow19@hotmail.com,801446222,included,-1
2022-03-31T09:26:28.168Z,135811,bisow19@hotmail.com,801446227,included,-1
2022-03-31T09:55:19.549Z,135811,bisow19@hotmail.com,801446229,included,-1
2022-03-31T09:55:23.909Z,135811,bisow19@hotmail.com,801446230,included,-1
2022-03-31T09:55:31.471Z,135811,bisow19@hotmail.com,801446233,included,-1
2022-03-31T09:59:13.957Z,135811,bisow19@hotmail.com,801446234,included,-1
2022-03-31T09:59:18.426Z,135811,bisow19@hotmail.com,801446240,included,-1
2022-03-31T09:59:20.691Z,135811,bisow19@hotmail.com,801446242,included,-1
2022-03-31T09:59:27.519Z,135811,bisow19@hotmail.com,801446244,included,-1
2022-03-31T09:59:42.676Z,135811,bisow19@hotmail.com,801446245,included,-1
2022-03-31T09:59:49.223Z,135811,bisow19@hotmail.com,801446246,included,-1
2022-03-31T09:59:57.441Z,135811,bisow19@hotmail.com,801446247,included,-1
2022-03-31T10:00:00.191Z,135811,bisow19@hotmail.com,801446249,included,-1
2022-03-31T10:00:01.988Z,135811,bisow19@hotmail.com,801446250,included,-1
2022-03-31T10:00:05.004Z,135811,bisow19@hotmail.com,801446251,included,-1
2022-03-31T10:00:07.254Z,135811,bisow19@hotmail.com,801446252,included,-1
2022-03-31T10:00:20.926Z,135811,bisow19@hotmail.com,801446253,included,-1
2022-03-31T10:00:29.270Z,135811,bisow19@hotmail.com,801446255,included,-1
2022-03-31T10:00:32.848Z,135811,bisow19@hotmail.com,801446257,included,-1
2022-03-31T10:00:38.989Z,135811,bisow19@hotmail.com,801446258,included,-1
2022-03-31T10:00:54.504Z,135811,bisow19@hotmail.com,801446259,included,-1
2022-03-31T10:00:57.426Z,135811,bisow19@hotmail.com,801446260,included,-1
2022-03-31T10:00:58.895Z,135811,bisow19@hotmail.com,801446261,included,-1
2022-03-31T10:01:02.474Z,135811,bisow19@hotmail.com,801446262,included,-1
2022-03-31T10:01:10.004Z,135811,bisow19@hotmail.com,801446263,included,-1
2022-03-31T10:01:18.239Z,135811,bisow19@hotmail.com,801446264,included,-1
2022-03-31T10:01:25.129Z,135811,bisow19@hotmail.com,801446265,included,-1
2022-03-31T10:03:58.349Z,135811,bisow19@hotmail.com,801446025,"""__EXR__same patients from another study""",1
2022-03-31T10:03:58.427Z,135811,bisow19@hotmail.com,801446025,included,-1
2022-03-31T10:03:59.958Z,135811,bisow19@hotmail.com,801446025,included,0
2022-03-31T10:04:37.349Z,135811,bisow19@hotmail.com,801446060,"""__EXR__not chair-side""",1
2022-03-31T10:04:37.427Z,135811,bisow19@hotmail.com,801446060,included,-1
2022-03-31T10:04:51.349Z,135811,bisow19@hotmail.com,801446063,"""__EXR__not blocks""",1
2022-03-31T10:04:51.427Z,135811,bisow19@hotmail.com,801446063,included,-1
2022-03-31T10:04:58.177Z,135811,bisow19@hotmail.com,801446063,included,0
2022-03-31T10:05:00.818Z,135811,bisow19@hotmail.com,801446060,included,0
2022-03-31T10:06:48.333Z,135811,bisow19@hotmail.com,801446125,included,-1
2022-03-31T10:08:03.302Z,135811,bisow19@hotmail.com,801446144,"""__EXR__not blocks""",1
2022-03-31T10:08:03.349Z,135811,bisow19@hotmail.com,801446144,included,-1
2022-03-31T10:09:24.849Z,135811,bisow19@hotmail.com,801446144,included,0
2022-03-31T10:09:35.053Z,135811,bisow19@hotmail.com,801446187,"""__EXR__not chair-side""",1
2022-03-31T10:09:35.099Z,135811,bisow19@hotmail.com,801446187,included,-1
2022-03-31T10:09:37.693Z,135811,bisow19@hotmail.com,801446187,"""__EXR__not blocks""",1
2022-03-31T10:09:37.740Z,135811,bisow19@hotmail.com,801446187,included,-1
2022-03-31T10:09:38.600Z,135811,bisow19@hotmail.com,801446187,included,0
2022-04-04T10:54:33.702Z,135811,bisow19@hotmail.com,801446008,included,0
2022-04-12T06:00:02.083Z,135811,bisow19@hotmail.com,801446033,included,0
2022-04-12T06:00:08.552Z,135811,bisow19@hotmail.com,801446033,"""retrospective""",1
2022-04-12T07:06:01.006Z,135811,bisow19@hotmail.com,801446063,included,-1
